,shape_boundary,naive_shape_boundary
OCF_zero_order,7.985919879501414,
OCF_first_order,5.439148484484583,
SAC,6.01350679406975,9.711711019316624
